x_utm,y_utm,ba_ppm,co_ppm,cr_ppm,cu_ppm,fe2o3_pct,ni_ppm,p_ppm,pb_ppm,v_ppm,y_ppm,zn_ppm
759452,6211874,368,5,11,7,5.98,2,343,6,90,19,68
759012,6211795,416,5,12,7,6.41,3,514,19,91,28,96
758277,6211525,784,5,13,8,8.29,3,402,6,82,27,117
757737,6211181,430,5,13,8,7.85,4,492,7,101,35,111
757255,6211091,659,5,28,16,7.28,12,894,7,91,27,98
757494,6209980,426,5,14,9,7.21,4,390,18,86,21,127
757324,6209742,419,5,14,9,5.72,4,480,7,79,23,98
756927,6209726,500,5,14,9,7.61,4,463,23,88,20,90
756483,6210160,447,5,9,10,5.49,4,324,7,85,18,74
756282,6210345,475,5,18,10,5.22,4,447,7,83,28,98
755885,6210557,468,5,16,13,4.76,5,593,7,62,17,75
759414,6209350,346,5,14,11,4.98,5,363,7,79,27,108
759536,6209483,440,5,17,16,9.01,5,485,11,84,28,119
759737,6209324,411,5,12,11,6.41,5,361,7,67,32,92
759340,6208731,620,5,13,11,8.76,5,365,7,88,37,137
759727,6207477,401,5,13,12,6.95,5,245,7,84,49,75
758007,6208271,308,5,16,15,7.72,5,670,13,102,24,86
758515,6207720,408,5,15,12,6.65,5,646,7,78,17,97
758827,6206519,430,5,16,12,7.25,5,428,7,99,21,89
757716,6207435,349,5,18,13,8.34,5,334,7,86,27,102
756557,6207096,363,5,16,11,6.72,6,286,7,65,20,102
756356,6206906,434,5,21,13,6.61,6,472,7,87,23,116
756462,6206630,516,5,20,13,6.68,18,386,7,76,28,99
756504,6206286,322,5,13,11,3.15,6,356,7,43,18,74
757689,6206858,389,6,15,12,6.43,6,335,7,63,24,89
758674,6206043,437,6,20,14,6.72,6,475,7,75,18,84
755048,6211525,505,6,15,14,5.33,6,272,13,68,19,80
755536,6211740,463,6,19,14,4.92,11,276,11,66,25,70
755496,6210918,521,6,14,15,3.95,6,376,7,58,18,58
756123,6211263,466,6,16,11,5.79,6,324,7,76,19,85
753722,6211172,469,6,23,14,6.38,13,383,8,82,37,105
753781,6210874,785,6,17,12,6.35,6,368,14,67,25,100
753599,6212117,521,6,18,14,6.03,6,311,8,82,22,93
753035,6211656,596,6,15,13,5.02,6,602,8,67,17,67
753226,6210204,588,6,17,11,8.78,6,501,8,92,34,122
753539,6210045,562,6,20,12,6.46,6,441,8,72,26,95
754349,6209096,519,6,19,19,5.16,7,322,12,69,18,77
754551,6209319,547,6,16,13,8.42,7,579,8,89,27,109
753393,6209287,548,6,15,14,7.02,7,340,8,92,26,102
754813,6207699,502,13,22,13,8.28,14,261,8,88,22,71
754686,6207560,619,6,14,14,9.37,7,735,8,94,32,116
757502,6211561,511,6,18,12,8.24,7,496,8,80,21,81
755063,6205600,528,6,23,12,9.49,26,395,11,115,31,101
754516,6204973,459,6,18,17,3.93,11,501,12,62,31,88
754194,6205124,446,6,18,15,5.20,7,451,8,76,31,80
756714,6203929,440,6,17,12,6.38,7,396,8,95,25,103
756512,6204770,389,6,18,15,6.05,7,183,8,83,21,75
756183,6204802,397,6,15,13,6.65,7,464,8,94,22,96
755905,6205735,390,7,17,15,4.18,7,320,8,68,18,89
755988,6205461,401,7,17,14,5.62,7,218,8,76,19,62
757718,6205187,428,7,16,11,6.49,7,333,13,100,26,100
757651,6204274,541,7,19,21,5.25,12,288,8,90,15,100
757472,6203873,442,7,18,18,7.16,7,349,8,81,17,72
759210,6204087,368,7,16,16,3.33,8,289,8,67,12,57
759616,6204544,415,7,24,15,5.55,8,239,14,89,14,60
758257,6205338,442,7,16,12,7.72,8,689,9,84,16,93
753182,6208199,421,7,20,15,6.51,8,292,9,91,24,74
753214,6206842,541,7,20,14,6.81,8,432,9,100,28,94
753023,6205834,524,7,21,12,6.55,11,594,9,83,39,109
752948,6206080,477,7,17,13,8.66,8,444,9,68,23,84
753805,6206779,484,7,19,13,5.36,8,282,12,100,46,79
753916,6207767,549,7,15,12,5.96,8,270,9,81,43,101
753139,6202270,583,7,16,14,4.53,8,448,14,68,27,64
753337,6202234,453,7,38,13,6.66,8,375,9,80,36,102
755206,6203901,587,7,25,13,7.41,8,317,23,111,28,83
755222,6203623,382,7,18,13,4.28,8,313,9,90,25,101
755016,6202262,504,7,23,18,8.94,8,457,9,114,29,99
755579,6203417,391,8,18,12,5.49,13,319,9,77,24,100
755714,6202270,408,8,20,21,4.60,12,215,9,69,22,62
758169,6202176,503,8,17,18,5.60,8,300,11,81,16,67
757158,6202266,413,8,21,16,5.18,9,270,9,86,20,94
756264,6202483,394,8,34,19,7.18,15,358,9,91,21,86
752538,6203576,468,8,18,11,5.03,9,413,11,75,19,89
752478,6203362,444,8,18,18,3.65,9,237,11,61,14,55
752264,6203894,478,8,19,14,2.60,9,258,9,48,13,61
751423,6204557,505,8,21,17,6.86,9,395,9,60,17,88
751145,6204211,503,8,16,13,3.40,9,405,9,60,17,82
751808,6204211,479,8,19,11,5.70,9,463,10,78,28,89
751423,6202616,427,8,23,16,6.58,14,535,13,105,32,94
751550,6202457,431,8,23,14,5.18,9,212,18,92,30,58
749280,6202795,456,8,21,12,4.73,9,432,12,68,22,88
749093,6202711,491,8,16,16,7.42,9,391,10,83,21,94
749383,6203370,465,8,19,14,3.99,9,356,10,63,17,72
749391,6203854,470,8,17,13,5.38,9,362,10,69,24,97
748549,6204267,387,8,12,13,2.65,9,237,10,51,16,51
748053,6203176,459,9,20,14,4.85,10,452,12,82,32,81
748212,6203144,479,9,18,16,4.69,10,306,10,65,17,74
748295,6203858,388,9,17,15,3.09,10,233,13,56,12,50
756174,6208792,487,9,27,19,4.95,13,341,10,94,25,100
750712,6204789,500,9,30,20,6.02,16,418,10,74,27,87
750703,6205646,494,9,23,19,8.98,10,262,11,78,32,123
750754,6205436,381,11,17,16,5.59,10,239,12,77,62,71
749700,6205385,468,9,16,15,6.45,10,353,12,76,17,81
749725,6204909,474,9,20,11,4.70,10,340,10,67,21,88
749007,6205157,405,9,27,14,3.60,10,297,10,74,22,72
749503,6206325,419,9,18,12,6.63,10,239,10,72,31,77
751033,6207386,473,9,21,14,7.19,10,318,10,91,12,99
750868,6208109,395,9,21,17,7.75,10,411,20,71,24,99
750544,6208363,397,9,27,17,6.09,11,162,13,84,29,114
748709,6207132,555,9,17,14,6.68,11,389,10,85,63,76
748925,6207621,496,9,23,17,5.45,12,237,11,66,46,73
748817,6208446,512,9,19,14,6.42,11,308,10,92,35,89
749382,6209240,499,10,23,16,5.19,13,217,10,70,21,73
749331,6209018,561,12,26,22,5.59,16,236,16,82,25,76
750589,6209741,413,10,22,20,3.40,11,293,11,46,19,60
752068,6209018,470,10,23,11,10.15,11,630,11,89,26,94
751624,6210059,506,11,24,19,5.69,13,245,11,69,21,90
751452,6210014,363,10,25,15,7.65,12,321,11,90,21,105
751821,6211380,540,10,21,14,4.75,11,216,13,70,23,93
751046,6211837,467,14,16,13,4.18,12,281,11,67,17,69
750354,6211469,672,10,21,16,3.77,12,168,11,66,34,54
750131,6211551,483,10,18,14,5.29,11,554,11,72,30,106
749566,6211392,691,10,23,20,5.56,12,196,12,56,25,103
748957,6211113,553,10,25,12,5.05,12,248,15,91,28,84
748709,6208935,420,10,24,16,7.25,11,410,11,84,20,100
748341,6210091,479,10,23,22,4.52,11,208,16,69,20,87
747661,6210103,432,13,24,12,3.67,12,280,11,64,16,55
747890,6211069,442,11,20,14,4.93,11,313,13,85,29,86
748874,6211812,564,12,20,15,4.50,11,240,11,71,22,79
748106,6211310,461,10,23,23,6.26,12,294,11,96,23,78
746836,6212370,515,10,22,19,4.72,12,434,14,72,21,67
745896,6211983,513,11,20,14,5.36,12,463,23,68,27,53
746093,6211037,591,11,20,17,6.53,12,707,13,112,26,63
746614,6210776,466,11,20,14,6.02,12,220,11,105,36,83
746321,6210053,560,11,26,20,4.58,11,291,11,84,25,51
746156,6209487,408,11,24,11,5.12,11,488,11,74,30,50
743839,6211983,449,11,19,12,6.15,12,247,11,66,40,61
743267,6211596,470,18,25,15,4.93,15,287,12,65,23,58
744220,6210554,434,11,22,15,6.11,12,416,14,69,30,56
744664,6210948,377,15,26,15,5.28,11,467,12,70,35,51
744759,6211627,443,11,23,15,4.96,11,363,12,64,41,42
743648,6209957,444,11,26,13,9.39,12,286,11,83,48,67
746194,6208833,351,11,24,14,5.35,12,443,13,75,34,54
745991,6208471,363,11,28,17,5.13,12,219,14,67,43,53
743750,6208554,409,11,27,16,5.28,13,441,12,53,34,54
743794,6208808,244,11,17,14,5.13,13,487,12,59,32,50
745109,6207462,244,11,29,18,2.60,14,320,16,38,23,28
745128,6207671,246,12,26,19,2.97,12,553,16,39,26,33
744224,6206633,230,12,31,17,3.16,13,466,14,44,26,39
744630,6206710,203,12,25,18,2.92,12,537,11,37,19,33
746478,6208342,500,12,20,20,6.29,13,352,12,83,38,67
743913,6205300,255,16,29,20,2.49,17,563,12,31,24,33
744001,6205592,228,12,28,15,2.30,14,432,18,35,10,30
744763,6205732,637,12,20,13,9.81,13,631,12,152,24,77
745373,6205719,477,12,28,17,4.60,14,347,12,56,41,61
744135,6204005,228,12,29,20,3.09,11,411,12,47,21,44
743906,6203528,340,12,25,18,6.49,13,357,12,85,33,69
744211,6203535,448,12,19,15,5.79,13,365,12,73,28,74
745144,6204341,433,12,21,15,6.42,13,656,12,83,27,131
744713,6204843,348,18,28,17,4.88,15,215,14,60,22,56
744751,6202874,449,12,33,20,5.66,11,572,14,73,28,87
745227,6203497,241,12,27,19,3.19,14,416,12,39,43,64
745125,6203109,431,13,21,16,3.12,14,423,12,51,31,65
746992,6203598,456,13,27,19,4.66,13,405,12,68,17,62
746002,6205941,195,13,19,14,2.79,14,387,12,32,25,71
746459,6206627,195,13,29,17,3.82,17,400,12,32,32,106
747088,6206030,338,13,29,18,4.32,14,475,11,62,40,78
747564,6205643,477,13,22,15,7.46,14,349,13,84,96,82
747189,6205148,712,13,28,18,6.25,12,308,14,85,40,105
746922,6204557,405,13,37,15,6.23,14,341,13,66,25,73
747538,6204995,535,13,28,18,4.83,14,363,13,70,14,63
748599,6206189,617,13,22,16,4.20,11,347,13,63,28,61
748243,6206773,618,13,22,14,6.28,14,406,13,80,35,98
747443,6206653,392,13,21,16,7.48,14,194,15,81,21,90
747875,6207446,416,27,38,18,6.96,19,254,13,85,40,87
747551,6208913,443,14,32,16,5.82,13,404,12,83,28,88
746878,6207510,368,14,26,15,5.30,13,342,13,73,40,92
746853,6209231,450,14,19,19,6.36,15,163,13,79,21,83
761667,6209605,491,14,32,19,4.15,16,291,16,73,21,83
762798,6209796,488,14,22,11,5.02,15,286,15,68,19,80
762372,6210443,414,14,26,20,6.75,14,265,20,99,26,98
762651,6211174,481,14,19,13,5.85,15,388,22,83,22,83
763280,6211485,428,14,23,14,6.11,11,347,11,93,26,90
763452,6211345,442,13,28,19,7.31,16,345,16,104,29,83
761743,6210609,373,14,30,26,8.49,25,438,13,106,28,97
760937,6209815,420,14,33,22,4.33,17,235,16,55,22,64
761267,6209929,389,11,30,13,4.09,18,206,11,80,39,63
760994,6210520,426,14,20,14,6.59,15,319,13,93,22,81
760518,6210196,447,15,25,16,8.82,12,418,13,123,28,93
760073,6210844,377,15,33,19,5.28,17,349,13,78,27,92
760137,6211104,374,15,25,14,4.99,16,340,11,69,27,90
760715,6211193,408,15,31,23,5.56,16,284,11,81,26,98
766246,6210951,372,15,31,21,8.84,16,688,12,120,31,133
765249,6210818,351,15,29,28,7.82,12,374,14,74,20,84
765604,6210856,397,15,19,14,7.84,16,593,13,92,22,94
765814,6210443,461,15,23,15,6.99,12,581,11,85,27,101
765719,6210037,394,11,24,16,5.03,12,452,11,72,30,83
765757,6209681,373,15,37,13,6.49,16,500,14,89,24,93
764982,6209878,398,15,21,14,7.81,17,408,15,85,17,81
764614,6209815,457,16,26,20,5.85,11,347,12,76,15,91
763712,6210199,459,16,27,16,6.99,14,363,12,85,17,89
763896,6210285,442,14,20,16,5.50,17,317,14,67,16,68
765242,6208602,390,16,35,21,3.27,16,491,18,49,33,64
765426,6208932,398,16,33,19,3.20,16,429,18,53,28,55
766322,6209097,393,11,26,18,3.00,12,377,14,47,31,60
766214,6208805,342,16,23,15,3.63,17,426,11,40,17,81
768007,6211460,425,16,33,18,3.23,12,266,21,42,18,63
768140,6210216,394,16,36,21,5.15,19,390,13,93,20,73
767302,6208844,475,16,30,18,9.31,14,199,14,65,22,56
767429,6209149,385,16,22,15,7.29,18,281,14,82,21,73
767975,6208260,411,16,33,21,7.21,15,336,12,79,64,61
765029,6207841,408,17,21,15,4.63,18,334,17,78,19,70
764616,6209047,394,17,32,14,2.97,12,227,14,43,37,62
763517,6208933,448,17,26,19,7.82,13,349,14,93,18,95
763797,6208514,347,16,24,18,5.19,13,336,13,79,17,66
763974,6208647,341,17,26,19,4.16,13,320,14,57,19,51
764165,6207022,321,17,25,19,3.25,19,254,14,51,25,35
763968,6207415,359,12,31,19,6.31,14,337,12,80,23,61
767975,6206006,330,17,29,17,6.26,12,523,14,79,12,77
766597,6205466,405,11,30,20,3.57,13,589,14,56,53,64
766863,6205359,382,17,30,17,3.42,11,464,14,61,14,47
765930,6205853,372,17,27,31,2.87,13,383,15,51,17,45
766092,6206175,372,18,25,26,3.62,12,489,18,58,26,58
766470,6206514,390,18,28,21,3.35,19,578,11,51,23,63
766800,6206552,376,18,24,19,3.30,11,472,14,48,15,58
763796,6206073,340,15,32,27,3.19,19,350,18,47,19,50
763551,6206344,314,18,28,19,2.73,12,245,15,52,15,43
762724,6207317,300,18,51,17,2.72,28,189,15,46,18,39
762697,6206463,354,18,30,17,3.86,13,176,13,58,14,44
763134,6205762,293,18,18,15,3.26,20,192,15,46,15,44
764001,6204552,388,15,24,18,2.77,11,307,13,48,23,40
763796,6204777,372,18,36,23,4.10,14,402,15,71,17,47
761474,6205696,394,11,35,17,3.25,17,200,15,57,20,38
761500,6206291,434,18,32,19,4.19,16,533,12,71,16,60
761533,6207826,478,19,33,21,7.39,15,435,15,94,19,86
762764,6208183,492,11,33,24,7.15,18,474,11,83,19,92
762367,6208805,436,15,32,22,3.02,17,309,16,54,14,59
761308,6208448,442,19,33,18,7.74,13,690,25,89,23,95
761725,6208692,397,19,36,18,3.10,12,294,12,55,16,54
760349,6208216,527,19,32,20,6.59,15,423,17,83,27,97
760541,6206119,526,13,32,28,9.04,17,460,12,101,30,114
759602,6206265,375,19,35,19,4.35,12,277,15,69,12,49
760468,6206576,321,12,23,17,3.50,11,261,14,54,16,55
761070,6205259,399,12,32,17,4.65,16,568,13,70,17,92
762355,6205321,393,13,35,16,3.96,17,258,13,72,17,52
761097,6204343,888,11,28,19,4.02,15,242,14,76,17,54
760088,6203893,481,19,33,19,5.10,14,335,14,82,26,63
762863,6204007,488,19,38,21,3.05,16,245,13,50,31,66
761999,6203181,387,20,21,19,5.26,21,262,13,77,17,72
761637,6203016,399,20,29,19,5.19,14,369,17,66,17,71
761320,6203664,490,17,31,17,8.05,14,433,12,81,24,58
763274,6202288,424,20,29,16,3.97,14,273,11,58,20,56
763152,6201975,389,20,37,25,3.60,18,317,17,52,19,55
762861,6201822,327,11,21,18,1.69,12,264,21,30,22,40
762724,6202171,404,17,28,20,1.50,14,181,15,30,26,38
760385,6202335,453,20,36,20,6.31,19,321,15,89,19,99
760311,6201515,421,14,38,21,9.77,17,369,14,106,22,104
760560,6201367,405,20,29,21,6.95,16,193,15,90,21,85
761290,6201991,466,13,33,12,5.28,14,299,15,72,19,69
760025,6203071,412,21,41,22,7.33,22,295,28,114,17,88
761665,6200970,438,14,31,20,6.18,17,282,16,84,18,72
763078,6200361,476,21,31,15,3.75,15,412,12,58,17,69
762798,6200256,576,21,39,22,4.96,18,433,13,76,19,75
761018,6199804,362,14,34,19,4.98,19,376,15,54,21,55
760716,6199761,392,15,29,20,5.29,13,267,15,72,23,76
761346,6199333,417,21,32,18,5.88,32,238,15,81,23,75
760716,6199089,394,25,35,17,3.07,25,170,14,48,23,52
761081,6198735,351,21,35,17,2.34,17,309,19,37,23,33
759965,6198878,444,21,38,20,5.20,16,230,15,67,31,64
760647,6197645,370,12,31,19,3.57,14,306,21,47,28,45
761298,6197518,383,11,32,17,4.72,14,169,15,71,21,57
761214,6197153,392,15,32,24,4.50,17,210,11,66,19,58
760753,6197010,412,15,54,17,4.78,30,270,16,62,19,57
759478,6195084,343,15,35,17,1.70,16,254,13,29,12,36
760690,6195729,349,11,40,25,4.36,17,139,14,74,19,45
760600,6195364,344,22,39,20,3.69,18,179,12,72,13,37
760716,6195089,321,12,34,16,1.99,13,185,16,36,15,39
763834,6203841,329,22,33,20,3.90,17,212,13,57,12,39
764463,6202957,438,17,35,17,3.30,18,249,13,50,27,51
765300,6202528,422,13,44,22,6.02,23,147,16,68,30,59
766511,6202311,406,11,36,18,3.50,18,192,16,56,14,43
765569,6201465,352,22,45,26,6.05,22,422,13,66,17,64
766675,6201269,355,11,38,27,3.70,19,225,16,63,12,43
764317,6198901,440,15,38,19,4.46,25,239,13,52,19,55
764375,6199674,358,22,35,16,3.83,15,294,16,58,21,51
763348,6199160,308,22,48,18,2.89,18,224,16,46,13,41
763883,6198774,349,20,44,25,1.59,20,297,16,30,30,37
764211,6198282,341,13,30,16,4.66,15,292,16,56,17,49
764565,6198054,346,23,33,20,3.36,15,278,16,55,10,46
765490,6199904,382,23,42,22,5.29,14,273,12,69,16,56
765622,6199745,346,24,27,19,6.91,13,335,20,89,13,69
765543,6198321,329,23,35,23,4.29,18,210,14,73,12,49
766278,6198258,312,23,45,25,3.22,17,150,16,57,12,33
766321,6198618,322,12,37,16,4.30,16,227,17,76,18,50
767675,6200851,375,28,38,34,5.28,27,221,17,77,15,65
767654,6198686,337,12,46,26,4.32,28,111,17,64,13,48
766019,6197506,306,12,31,20,6.25,17,258,17,97,13,55
766046,6196856,240,23,37,15,3.36,12,207,16,58,10,39
766130,6196607,395,23,33,19,3.76,19,476,17,63,14,57
766744,6195972,404,14,46,21,4.02,24,240,12,67,19,56
767257,6195776,362,11,36,18,3.49,16,220,17,54,16,54
765564,6196819,302,16,28,18,2.89,17,122,11,52,11,36
763696,6196554,432,17,33,22,5.49,19,355,14,80,13,68
763839,6196771,427,24,32,17,6.73,13,232,15,90,24,94
764627,6195877,332,24,39,23,3.20,20,208,13,55,12,45
765268,6195644,376,19,36,17,3.67,18,215,13,60,15,50
765527,6195908,349,24,40,27,3.45,20,224,14,76,13,46
767348,6194230,322,12,35,30,3.26,20,180,17,56,11,39
767519,6194885,326,25,48,22,2.57,20,272,12,45,13,44
767364,6195567,319,12,40,22,2.55,21,137,13,47,11,34
766086,6195266,306,13,41,25,2.17,19,196,17,34,9,38
766709,6194432,338,24,27,19,2.09,25,204,11,38,10,31
767078,6193861,299,24,38,21,1.94,16,98,14,36,8,11
765546,6194016,326,25,33,21,2.89,15,128,14,55,12,36
763812,6194024,337,12,37,23,3.10,18,151,14,58,10,35
765401,6192520,336,12,39,21,3.00,22,224,17,52,13,53
766051,6192568,372,11,35,20,2.92,18,199,18,50,10,39
766877,6191922,307,15,36,33,2.65,23,224,14,43,13,43
766454,6192457,429,14,41,28,3.26,24,230,18,63,13,46
764205,6192059,365,18,42,23,3.45,31,173,16,50,19,57
763705,6192742,324,11,33,21,2.12,12,148,16,41,11,31
763026,6193420,321,17,43,23,2.22,25,161,18,39,12,35
763014,6193996,324,12,47,27,2.70,19,208,15,49,10,39
762974,6195151,346,17,44,23,3.52,24,129,13,61,13,47
762784,6195190,421,12,37,16,3.49,12,203,16,59,16,52
762097,6194028,530,15,34,16,4.02,29,176,20,61,16,59
762375,6196199,388,15,34,23,2.76,20,187,13,47,13,35
761657,6195468,387,15,30,20,4.10,15,306,18,61,13,48
761466,6196349,387,25,38,21,5.36,19,199,13,69,17,59
762007,6198781,426,25,34,27,8.66,20,294,18,103,23,91
761741,6198248,390,13,34,24,5.45,15,324,18,78,33,84
761245,6194184,347,14,38,16,2.86,15,210,11,49,15,40
759647,6193089,352,11,34,21,1.90,21,192,16,34,13,38
759340,6193644,357,13,38,19,2.39,21,209,13,38,12,38
759372,6193094,394,26,45,11,3.82,18,408,18,61,23,66
760118,6192533,376,26,38,20,4.43,19,232,12,64,15,49
762087,6193200,357,12,32,24,2.85,16,192,12,48,14,46
762600,6192803,360,14,53,19,2.75,19,175,13,44,15,51
760637,6192104,401,14,48,23,2.83,28,193,16,46,14,40
764437,6204211,387,15,45,25,3.93,23,307,14,61,17,51
765188,6204386,516,14,37,23,5.38,18,491,11,88,21,66
765876,6203528,392,12,40,25,2.12,23,215,15,40,21,43
766427,6202809,379,14,35,22,4.07,16,248,20,57,18,49
767337,6204126,329,15,36,17,3.89,17,382,15,64,12,64
767432,6203544,476,11,33,19,4.20,28,151,18,70,16,58
767247,6202010,374,26,43,40,5.28,24,146,19,86,14,67
754515,6193357,388,16,31,16,3.72,32,207,14,57,15,55
754223,6193687,370,22,51,26,3.10,24,187,11,46,12,48
753905,6194195,523,26,29,25,4.48,16,331,13,54,21,70
753804,6195078,479,13,42,19,4.43,14,309,19,50,17,73
756286,6193141,416,19,42,25,4.56,22,271,19,61,29,52
756045,6193192,445,11,33,24,2.86,18,235,16,46,19,44
755569,6192843,304,11,44,23,2.13,20,233,13,43,9,31
755036,6192386,422,12,43,19,2.36,22,178,13,50,12,34
753378,6196024,395,11,41,23,5.58,20,318,12,80,15,57
751835,6196475,553,21,47,25,5.79,28,552,12,69,23,98
751460,6196247,556,14,36,17,7.66,18,499,17,115,25,123
752026,6196037,800,27,20,14,6.11,34,1793,12,81,26,85
752432,6196266,521,13,41,19,4.32,21,348,17,68,21,71
752305,6195872,541,11,47,25,5.39,19,287,12,78,18,74
752864,6195605,420,21,41,28,4.26,27,247,14,71,15,39
757791,6195192,409,13,40,24,2.56,19,195,19,44,14,38
758001,6192957,332,27,29,16,1.66,11,216,15,29,11,33
757874,6192595,340,27,41,20,1.69,18,183,11,32,9,31
758293,6192570,339,11,49,18,1.47,20,215,15,27,10,27
758534,6194297,355,17,42,25,2.07,27,195,16,40,9,31
759315,6194615,367,15,70,25,1.89,32,240,13,38,13,33
758852,6196113,397,14,35,24,3.65,19,274,14,56,16,45
758572,6196100,371,24,46,39,3.26,39,244,26,55,17,61
758122,6197536,430,13,41,23,4.40,18,284,15,61,19,64
758420,6197040,403,19,40,22,5.73,20,386,13,80,28,88
758769,6197294,440,11,56,22,6.11,21,358,14,65,20,75
758903,6196894,432,11,40,29,2.56,25,237,19,40,16,40
758261,6198545,476,12,43,30,4.52,22,363,11,50,26,59
758496,6198183,409,17,51,29,6.19,32,308,14,67,22,69
757842,6198545,493,12,35,22,5.85,20,573,16,63,27,68
751967,6192945,491,13,50,27,5.00,27,277,19,84,25,72
752488,6193028,508,14,39,22,5.35,18,354,19,68,20,70
752380,6193263,497,12,31,18,3.92,14,263,19,71,21,60
751510,6193593,439,28,53,28,6.99,23,295,13,125,26,81
751535,6194050,508,17,37,27,8.81,20,549,13,105,30,98
753497,6197276,564,14,33,18,3.80,16,313,23,59,15,56
753421,6198235,541,13,49,28,4.60,27,297,11,61,21,75
754437,6200203,348,15,42,19,8.91,18,601,14,109,34,106
754221,6200324,375,11,30,21,7.95,15,239,22,93,30,114
755180,6201245,440,18,66,23,5.46,31,383,11,84,22,84
759011,6200787,455,15,41,16,9.29,20,440,19,132,26,101
759049,6201092,464,11,35,24,9.09,18,345,21,124,25,109
758452,6202076,416,12,35,21,7.29,12,558,20,93,18,82
758261,6201422,433,20,42,26,6.78,24,250,16,110,42,82
757220,6201307,470,11,26,20,5.68,13,298,15,94,19,81
756737,6201631,410,25,39,21,8.45,25,343,20,115,17,82
756591,6201238,453,14,40,22,6.63,20,350,12,88,18,77
756769,6199904,488,20,69,27,8.08,25,236,15,106,46,78
758338,6199796,475,14,46,22,7.58,25,391,13,115,25,92
758344,6200171,428,14,37,19,8.48,19,270,20,100,22,85
757569,6199472,417,12,31,23,4.28,16,337,15,72,25,73
756871,6196012,408,11,37,21,6.25,17,377,11,60,35,84
756979,6196532,426,20,44,22,3.17,25,386,18,51,20,56
756788,6196380,444,14,45,24,5.22,23,341,20,57,31,71
756617,6197231,425,29,42,18,3.73,17,262,20,59,17,52
756871,6198418,521,13,44,30,5.69,21,1358,12,57,34,75
755220,6198577,464,13,35,22,6.48,20,460,29,79,30,85
755226,6198837,425,11,51,26,7.55,27,352,13,119,27,108
754540,6198685,409,20,53,26,7.48,27,276,22,101,23,83
754534,6197701,415,18,45,22,5.29,25,362,11,67,30,73
754470,6197148,495,13,46,23,7.46,20,403,20,82,43,91
754534,6196666,671,12,41,21,9.58,21,529,13,91,34,106
754291,6196273,591,29,38,21,7.08,18,311,13,81,24,81
756121,6194132,406,29,41,21,5.52,11,417,11,55,40,67
756052,6193935,398,29,36,21,2.97,20,209,19,47,17,39
754966,6194545,434,18,54,24,3.93,29,644,22,56,20,50
756039,6194824,435,11,38,26,4.80,18,305,16,60,33,64
755753,6194799,451,17,42,28,6.06,22,358,12,62,42,63
755055,6195091,451,12,35,21,7.01,18,337,13,70,30,78
754642,6195681,396,12,38,24,4.83,15,303,18,60,21,61
755607,6196431,424,14,49,28,6.99,22,328,11,69,24,70
755429,6196628,351,18,49,34,5.76,32,220,13,74,17,66
752157,6198603,652,16,41,23,5.79,23,441,12,91,25,88
753008,6198641,531,21,53,25,5.65,22,576,20,76,24,81
752824,6197987,544,30,34,25,5.06,16,400,15,73,19,71
750925,6195206,664,16,46,30,6.06,23,916,16,77,26,90
751122,6194825,446,19,64,27,6.99,39,487,21,91,21,100
750494,6196527,810,11,41,23,5.78,29,1266,17,77,24,77
755536,6199575,376,30,52,23,8.12,23,479,12,94,20,98
755555,6199867,331,18,75,20,11.71,45,435,21,97,19,98
754958,6199638,501,12,46,24,7.48,27,310,13,108,22,94
753135,6199822,495,15,48,25,7.33,31,349,15,94,34,121
752735,6199244,369,11,43,24,6.43,19,488,14,87,49,104
751910,6199867,673,23,45,29,8.09,27,643,13,92,34,110
751776,6199086,731,30,48,23,5.29,25,502,11,88,23,67
750741,6199518,691,15,41,22,5.49,23,773,17,80,25,65
751040,6199384,752,11,46,23,5.00,23,895,15,66,20,66
749757,6198489,560,31,52,26,6.58,28,477,15,80,32,90
749897,6198590,643,12,30,18,5.59,12,403,14,82,29,63
751687,6200775,531,14,50,22,4.86,25,381,14,72,21,67
751687,6201289,508,19,51,24,7.21,21,419,19,86,25,77
752595,6201740,541,20,50,24,5.72,17,516,14,91,23,75
752576,6200864,681,15,52,29,10.59,31,565,15,91,30,103
753421,6201943,422,18,41,29,8.26,22,267,21,116,35,75
751065,6201213,526,20,46,26,7.72,23,298,11,101,22,80
750760,6201886,553,11,57,26,7.76,32,276,13,84,35,79
749281,6201816,633,13,50,25,6.96,19,445,19,71,25,85
750195,6201867,721,31,38,28,5.12,26,314,19,74,21,73
749871,6199619,577,16,47,30,4.96,22,384,18,69,33,68
749630,6199429,541,31,48,26,4.65,25,365,19,72,30,68
749554,6199619,548,17,75,31,5.91,42,364,21,83,31,67
750354,6201035,497,24,47,25,5.85,26,241,21,85,20,69
750595,6197740,795,16,53,23,5.25,20,907,13,79,20,66
750729,6198006,1023,31,55,24,8.48,39,1859,17,122,27,84
750170,6198019,718,12,45,20,5.92,23,684,21,84,29,74
748728,6196393,514,15,45,25,6.39,20,240,14,80,20,65
749535,6195549,701,12,43,24,6.21,25,338,13,85,34,88
749928,6194869,676,11,49,27,4.83,25,566,13,72,27,81
745915,6193129,577,18,46,26,7.95,22,439,16,75,21,72
745153,6192882,503,32,35,20,5.15,18,184,12,75,21,62
745630,6193529,544,20,48,24,6.08,29,237,24,80,31,74
745991,6193460,534,16,48,20,5.76,19,362,22,72,26,76
747776,6192552,750,14,45,25,5.60,26,347,17,73,37,77
747579,6192488,551,12,42,30,5.78,18,307,22,72,27,135
742816,6193320,511,17,45,29,5.16,23,229,11,72,17,67
743020,6192914,471,16,49,24,6.66,29,222,11,89,25,75
744042,6198952,477,11,48,29,6.19,31,340,15,73,21,73
744055,6198463,511,22,50,26,6.02,28,260,13,78,20,69
743788,6198775,425,12,42,26,5.06,21,369,12,64,32,81
743274,6198171,357,14,46,24,4.19,23,404,17,56,22,69
743661,6197955,459,32,42,24,6.58,15,314,12,80,24,76
743858,6196711,471,19,43,21,3.89,20,282,17,62,20,57
743667,6197416,484,14,37,23,5.59,20,250,15,75,25,70
743413,6197105,487,18,43,26,3.52,24,311,13,44,15,54
743572,6196349,581,16,39,18,5.73,16,259,22,90,22,69
743731,6194558,442,13,55,38,4.23,32,427,14,71,32,66
743572,6195009,498,23,57,31,3.86,30,215,16,64,18,52
743100,6200629,477,15,40,27,5.72,17,735,18,74,20,103
743186,6200946,424,17,55,22,6.05,23,1025,14,82,38,81
743037,6202333,328,18,41,32,6.56,25,452,15,97,33,73
745911,6197593,663,11,50,29,8.28,23,343,22,83,22,70
745508,6198155,442,19,71,22,7.02,38,402,15,88,24,89
745376,6198651,507,11,46,24,7.13,22,261,16,93,26,72
745144,6198704,488,16,62,38,5.96,37,364,13,70,16,63
746269,6200014,417,16,36,23,6.73,16,164,16,95,12,64
746163,6199630,490,11,43,22,5.38,21,317,22,80,23,68
746136,6199418,453,21,49,26,5.05,26,275,15,66,24,79
744827,6200338,437,27,44,36,7.84,30,337,14,85,19,82
746520,6201793,469,17,49,23,8.46,29,459,12,77,26,85
745620,6201522,436,18,39,27,7.31,24,348,22,83,19,90
745521,6201290,510,17,55,45,6.71,23,477,26,94,20,86
746143,6200774,466,22,69,32,7.46,37,268,12,85,20,82
746685,6200682,456,33,31,17,7.16,15,297,23,84,22,80
747505,6201204,524,14,52,33,7.59,25,300,23,82,26,92
747598,6201449,540,19,54,23,7.49,21,432,13,82,29,98
747466,6199193,490,34,52,21,6.63,25,598,13,82,35,84
747347,6198902,713,17,43,29,6.18,23,556,13,75,28,68
748193,6198955,594,21,66,31,5.46,40,238,15,71,20,68
747558,6197903,619,19,46,26,7.23,25,569,17,81,27,90
747102,6197639,446,16,50,28,6.55,29,441,11,82,32,72
745376,6196759,438,43,36,27,5.78,25,267,11,68,26,67
745759,6196799,601,16,47,26,5.76,21,392,15,74,18,64
745627,6196045,607,20,58,34,5.73,32,242,12,87,27,68
746004,6195516,396,20,58,31,6.39,35,336,13,79,35,71
745951,6195264,460,15,43,26,7.25,23,229,12,92,34,84
747916,6195657,604,14,60,27,5.45,28,410,23,69,25,66
748239,6195612,524,34,47,31,8.32,19,285,13,79,25,70
748633,6195003,378,17,44,39,7.64,27,285,23,85,28,87
748417,6194336,455,13,70,21,7.35,19,266,18,83,26,87
749192,6193930,572,15,39,16,6.79,22,252,15,81,29,98
750157,6192412,740,17,49,33,6.56,30,459,20,92,25,87
749954,6192469,724,20,43,31,6.28,25,488,13,82,26,92
749344,6193098,889,21,51,30,6.65,29,450,12,87,34,62
748938,6193256,526,25,52,35,4.72,25,394,11,66,22,71
748900,6192672,558,23,40,25,3.53,25,228,22,54,19,48
744036,6192647,528,20,47,39,5.19,22,484,11,60,16,53
744537,6193752,445,14,51,28,4.40,27,151,23,60,14,41
745083,6193822,476,13,46,37,5.06,24,395,14,68,19,72
745217,6194260,511,32,53,28,6.51,43,282,12,83,28,66
744385,6195123,479,20,37,22,4.52,16,307,19,64,21,62
744766,6194971,430,16,47,26,3.69,29,180,21,63,18,42
769127,6211291,319,11,49,24,7.21,26,473,11,95,17,82
768428,6210345,314,17,40,20,3.86,20,194,16,68,11,43
768784,6210060,337,22,43,28,8.38,23,283,23,81,10,76
769984,6210117,336,15,47,37,4.86,24,415,12,78,13,83
770574,6210110,299,22,48,28,6.82,27,378,23,89,14,75
770809,6209882,339,22,46,25,5.33,24,344,18,79,17,67
771768,6211069,397,14,22,26,5.50,24,455,14,96,20,64
771667,6210174,339,21,55,24,3.26,23,316,13,59,11,60
772568,6210409,372,17,54,37,4.49,35,487,15,77,27,47
772327,6210491,361,11,45,23,4.96,17,256,15,72,16,55
772740,6209577,344,14,37,26,4.38,21,340,24,66,14,52
773330,6209507,328,27,48,50,4.22,26,260,20,63,15,47
773153,6209679,365,35,59,27,5.03,18,263,14,68,16,60
774105,6211488,315,19,44,28,4.65,21,237,24,67,13,44
775432,6211310,357,15,52,37,4.19,30,388,27,69,17,59
774518,6211133,326,18,77,27,4.30,40,255,19,71,14,44
774778,6210758,354,19,55,29,4.45,34,289,24,75,15,48
770263,6208796,334,17,51,36,5.32,21,352,20,78,15,67
774664,6209158,346,11,50,22,3.99,22,302,14,65,14,48
774461,6208986,362,19,43,30,4.15,27,326,15,76,18,56
774448,6207678,340,14,57,33,3.47,24,251,16,81,14,47
773546,6208097,342,24,56,36,2.96,32,175,22,58,12,35
771540,6207723,381,16,52,26,4.86,25,415,12,79,18,58
771743,6207564,426,25,45,28,3.99,29,426,24,77,20,54
773616,6207539,336,12,48,26,3.99,29,226,16,67,15,52
773057,6207869,423,16,73,23,4.25,24,295,17,80,19,55
775400,6209520,387,19,45,38,4.69,22,194,19,75,17,65
775693,6210574,377,21,55,29,4.12,25,246,19,81,14,53
776061,6210326,282,19,53,36,2.82,33,193,11,53,14,42
776188,6209583,365,14,42,27,3.45,21,205,16,60,15,45
775781,6204502,356,36,49,25,3.89,25,226,15,61,16,46
774954,6204915,362,20,49,34,3.90,26,162,13,60,15,39
774779,6204171,322,17,59,23,3.12,23,240,24,47,13,49
773278,6205444,336,12,58,25,4.13,20,200,24,71,17,51
773512,6206182,271,13,75,31,7.12,34,526,25,74,14,69
773453,6204313,361,17,60,22,2.97,24,317,25,57,14,56
772634,6204381,331,17,53,32,5.09,27,354,22,76,19,70
772380,6205214,311,13,52,35,4.15,28,217,14,68,15,48
772952,6206436,274,19,57,35,3.62,29,169,14,61,11,37
772205,6206615,319,18,63,36,3.70,33,269,25,59,14,46
768294,6207835,447,11,50,29,5.53,20,418,17,78,19,81
769412,6206965,301,21,50,25,6.03,25,311,18,90,11,73
768993,6206984,278,18,31,27,5.59,14,438,14,77,11,84
768986,6207740,282,36,47,28,5.85,27,329,15,90,15,73
769564,6207537,308,14,70,28,6.23,41,497,16,97,33,93
768459,6208394,359,15,62,32,4.95,26,390,11,79,14,65
769603,6210815,286,19,55,29,6.89,28,485,24,93,13,89
770828,6210802,305,20,73,33,5.53,36,359,14,84,16,74
768094,6204293,362,18,53,27,5.89,28,482,12,79,10,77
768157,6205420,343,17,60,25,6.79,31,518,15,84,10,84
768223,6205989,338,22,52,25,6.02,20,466,19,72,11,79
770168,6206724,286,37,41,33,5.42,24,330,18,83,14,71
770568,6206692,312,22,48,28,4.96,27,389,13,75,13,70
771577,6206940,301,15,63,22,4.90,38,276,21,78,17,65
770828,6207734,331,21,47,27,5.05,27,330,15,79,28,65
770673,6205023,313,14,54,26,4.78,31,224,25,70,11,48
770531,6204817,308,16,58,26,4.72,27,223,13,75,15,46
769467,6204996,311,20,53,42,6.02,25,425,12,83,14,79
771404,6205055,304,13,50,33,8.05,21,308,25,92,15,64
769477,6203896,327,14,56,34,4.92,27,396,18,75,20,73
769077,6203770,374,28,55,28,5.53,35,388,16,92,10,76
768908,6203648,302,27,47,34,5.18,25,484,25,80,13,83
769391,6202993,356,12,44,21,5.49,15,296,21,78,19,63
770357,6202434,310,17,48,25,4.52,31,215,14,70,15,51
770102,6202722,306,11,63,36,4.53,27,399,14,65,13,57
768756,6202576,312,15,65,28,5.08,29,335,11,83,12,71
769044,6201944,334,16,52,28,5.00,35,438,17,78,12,84
774791,6207056,373,11,56,12,5.25,15,295,19,80,18,74
774912,6206123,358,15,43,31,5.29,23,428,24,77,18,77
771808,6203788,346,13,58,36,3.96,34,307,16,61,14,54
772057,6203544,339,20,64,42,4.18,36,152,22,68,13,44
772311,6202282,301,22,56,31,4.03,31,204,13,59,13,51
772797,6202741,354,15,55,29,4.75,31,260,26,71,13,60
773131,6202579,353,39,59,33,2.72,39,122,26,59,11,31
773704,6202811,318,13,59,25,3.97,26,216,26,78,13,44
774299,6202933,339,14,59,33,2.66,29,206,21,40,12,45
773671,6203888,352,15,50,35,3.26,30,149,26,59,13,39
769890,6201825,315,20,61,27,4.48,28,173,26,79,15,44
775229,6207977,351,29,62,38,3.87,37,255,18,73,13,47
775908,6207723,290,18,64,28,2.69,24,185,11,54,12,34
775985,6206453,348,16,56,31,3.67,26,248,27,67,13,52
769821,6200813,276,13,54,32,2.07,23,147,16,36,9,31
770185,6201319,331,14,43,25,3.35,19,226,27,60,14,44
770517,6199226,289,19,112,39,2.57,52,201,11,45,10,37
770702,6199020,303,38,49,24,2.73,16,261,16,53,14,37
770205,6199528,311,19,46,23,2.72,24,237,17,44,13,55
771782,6200741,392,29,80,39,4.66,47,215,24,74,17,55
771663,6200608,314,18,46,28,3.53,28,265,19,63,11,43
772576,6200578,302,12,54,26,3.57,29,239,14,54,11,48
773141,6200380,417,24,91,25,3.43,33,270,12,63,14,73
772316,6199232,282,17,48,32,3.12,27,208,14,58,11,33
773142,6199099,308,17,77,33,2.95,43,276,13,55,11,39
771838,6209494,302,19,51,36,4.28,28,242,15,69,14,53
772587,6208631,332,28,57,44,4.55,40,182,14,65,15,40
775023,6205750,285,23,56,32,3.43,37,257,14,60,10,38
775571,6203571,277,19,47,38,2.69,24,198,27,47,10,31
775423,6200179,312,19,61,31,2.80,25,96,27,45,11,30
774978,6200935,334,23,61,21,4.19,23,208,27,61,13,40
774713,6200634,367,11,49,34,2.87,24,152,14,44,12,34
773999,6199549,267,17,49,33,2.23,26,161,11,39,11,27
774534,6198607,337,17,52,31,2.96,23,173,28,47,15,44
774713,6199015,319,20,56,34,3.67,28,157,14,54,18,41
775634,6198602,317,27,62,40,2.00,44,159,27,35,11,26
775994,6200681,261,21,50,27,2.80,25,231,28,44,12,38
776031,6202359,280,24,72,33,2.60,26,171,12,45,10,31
776084,6202930,321,25,67,30,2.83,26,169,17,48,12,38
773846,6201031,319,13,62,44,3.67,34,130,21,55,11,31
772200,6199115,398,19,60,38,3.07,33,135,17,48,14,35
772533,6198623,315,17,120,24,2.22,31,195,13,34,11,32
774327,6197993,331,22,60,27,2.83,30,342,15,46,16,47
775211,6197686,312,14,49,25,2.20,22,191,14,38,10,24
774491,6196771,278,19,52,28,2.10,34,176,18,35,10,27
773682,6197046,354,17,71,30,3.10,29,206,17,46,17,52
772867,6197506,337,21,59,30,2.57,26,172,13,41,14,36
772412,6197586,352,13,59,30,2.79,33,194,19,45,13,35
772433,6197401,327,13,52,29,2.29,29,183,18,42,13,31
772962,6196602,351,18,65,27,2.92,31,216,19,48,14,39
773322,6196575,296,14,66,39,3.70,42,155,21,59,8,39
775565,6195908,334,26,76,28,3.45,28,158,17,50,15,48
775528,6195543,346,23,57,50,2.99,31,232,11,47,13,42
768342,6198507,318,19,62,48,3.89,30,214,15,56,7,43
769893,6197951,338,19,50,26,2.99,23,259,12,44,6,39
769496,6198115,374,22,71,31,3.25,30,211,16,51,7,42
769522,6199713,360,24,71,28,2.79,34,172,14,44,13,40
768607,6200015,350,20,65,31,3.75,26,160,30,57,13,57
768252,6197300,332,18,65,36,2.49,38,206,13,42,10,34
769776,6197088,335,22,56,32,3.40,28,154,28,51,8,38
769692,6196316,337,28,60,37,3.02,34,134,23,48,13,38
769237,6195813,298,22,57,32,2.80,29,177,14,44,11,35
769200,6195506,303,18,24,26,2.63,12,217,18,40,12,38
770491,6197268,316,23,61,36,2.73,29,170,12,46,13,37
770263,6196104,323,40,56,37,2.72,26,205,28,47,11,32
770337,6194977,396,18,73,29,3.02,36,185,29,53,13,37
771147,6194845,376,12,49,29,3.97,24,303,29,63,16,52
771046,6194257,368,26,62,39,4.12,38,283,15,59,14,59
772311,6194284,298,24,52,31,2.59,25,173,15,44,8,28
772073,6194935,352,24,55,49,2.86,28,194,24,47,11,41
768230,6202411,384,22,66,39,5.46,35,401,22,67,13,73
768419,6202004,361,15,72,35,4.86,23,225,29,68,16,52
768252,6200803,384,25,68,36,3.67,39,212,29,52,14,53
773941,6193702,363,41,75,34,2.73,22,196,15,45,12,35
774571,6191871,319,19,73,43,3.33,35,267,29,52,15,52
773428,6191903,386,20,54,20,3.07,26,194,29,51,13,40
772221,6191966,358,26,79,36,3.39,27,482,18,53,13,47
771131,6191929,350,22,65,34,4.29,32,294,12,62,15,67
771554,6192929,325,16,80,32,3.20,25,440,16,48,10,59
770480,6192813,369,28,69,47,4.48,44,243,17,65,16,59
770385,6193416,364,32,64,36,3.17,33,271,14,55,12,41
769718,6194194,380,25,70,42,2.96,36,308,12,53,12,39
770210,6192294,331,21,69,40,3.02,29,287,12,47,16,58
769041,6192172,300,18,87,46,2.19,38,267,19,40,10,36
769766,6192998,287,33,91,38,2.56,39,156,21,47,12,30
768369,6192088,413,31,154,29,3.35,77,210,21,63,15,47
767940,6191913,345,25,67,66,2.60,36,192,12,48,16,41
768512,6192395,368,27,78,49,2.89,39,230,30,50,17,45
768131,6192665,328,19,28,50,2.53,20,227,22,43,13,40
767972,6193940,332,26,74,49,2.90,36,164,23,52,11,39
768279,6193495,363,23,24,18,3.66,16,355,11,62,17,58
